date,city,temperature,humidity,wind_speed,aqi
2023-04-13,Mumbai,38.1,40.6,14.6,192
2023-02-21,Chennai,35.5,42.8,9.7,215
2023-04-03,Hyderabad,25.3,30.8,13.9,192
2023-01-15,Mumbai,32.9,30.9,11.1,54
2023-04-17,Ahmedabad,31.9,79.8,4.3,270
2023-03-13,Ahmedabad,28.0,73.9,4.2,132
2023-03-02,Delhi,27.3,51.3,5.9,231
2023-01-21,Bangalore,26.9,71.9,18.2,100
2023-04-13,Lucknow,32.3,53.7,10.9,59
2023-03-24,Jaipur,28.8,87.2,14.7,189
2023-03-28,Kolkata,36.6,88.0,6.9,295
2023-03-16,Hyderabad,33.4,53.6,8.2,53
2023-03-16,Chennai,21.4,81.3,2.5,144
2023-03-29,Lucknow,32.8,76.4,3.4,195
2023-04-27,Mumbai,25.4,48.6,16.5,129
2023-04-10,Ahmedabad,31.9,43.9,11.7,281
2023-04-14,Hyderabad,33.6,57.5,6.8,85
2023-01-24,Kolkata,24.6,76.9,16.1,74
2023-01-03,Jaipur,29.1,87.6,4.9,264
2023-01-22,Delhi,23.8,75.8,19.5,253
2023-02-22,Kolkata,21.0,81.3,6.9,147
2023-01-02,Hyderabad,27.6,66.2,6.7,213
2023-03-29,Kolkata,27.3,80.1,6.2,150
2023-04-18,Hyderabad,39.9,77.1,2.4,244
2023-01-30,Hyderabad,28.9,52.6,2.2,58
2023-02-07,Pune,26.7,63.1,13.0,110
2023-01-02,Chennai,31.6,78.3,17.5,102
2023-03-05,Ahmedabad,21.8,32.8,15.8,195
2023-03-01,Pune,39.2,78.5,2.8,220
2023-01-21,Jaipur,32.7,40.7,10.9,212
2023-02-02,Pune,35.1,60.9,2.1,112
2023-03-17,Bangalore,23.4,78.5,0.9,170
2023-02-27,Bangalore,28.2,45.2,13.1,296
2023-01-22,Ahmedabad,28.5,44.7,10.7,275
2023-04-18,Kolkata,36.4,54.2,1.6,154
2023-03-30,Chennai,20.0,83.7,0.7,255
2023-02-18,Ahmedabad,26.0,30.0,19.8,53
2023-04-01,Hyderabad,39.6,84.1,0.6,142
2023-02-28,Mumbai,29.5,39.2,8.9,218
2023-02-11,Chennai,27.7,89.4,10.1,222
2023-04-02,Chennai,22.4,87.3,2.3,227
2023-03-01,Hyderabad,39.5,59.7,3.4,256
2023-03-21,Hyderabad,20.4,60.8,7.0,77
2023-01-15,Delhi,34.7,58.9,15.2,219
2023-03-03,Ahmedabad,35.4,68.1,10.1,129
2023-03-03,Hyderabad,24.9,35.4,12.8,125
2023-02-16,Bangalore,33.4,32.0,19.7,165
2023-03-03,Jaipur,21.9,33.5,15.4,118
2023-02-20,Mumbai,25.1,56.7,8.7,147
2023-04-18,Ahmedabad,35.8,46.5,8.9,283
2023-02-24,Lucknow,37.3,67.3,12.4,50
2023-04-26,Bangalore,32.2,89.5,13.3,216
2023-03-05,Kolkata,30.1,53.2,10.0,145
2023-01-03,Hyderabad,23.2,64.4,12.9,267
2023-04-11,Lucknow,21.3,54.9,0.5,66
2023-02-20,Hyderabad,22.4,80.8,8.6,161
2023-01-07,Chennai,24.5,84.1,5.6,140
2023-01-21,Bangalore,26.8,82.6,2.6,137
2023-03-14,Chennai,27.6,88.5,2.0,212
2023-02-08,Delhi,26.9,31.7,12.1,223
2023-01-18,Chennai,24.8,80.4,10.5,219
2023-01-04,Delhi,30.2,75.1,5.1,295
2023-03-30,Delhi,36.5,43.7,9.4,216
2023-03-01,Lucknow,25.6,87.4,9.8,139
2023-01-14,Hyderabad,38.8,38.9,3.9,98
2023-04-24,Kolkata,37.5,70.8,13.0,239
2023-01-09,Chennai,23.2,43.5,15.6,87
2023-03-31,Bangalore,35.7,55.9,15.8,200
2023-02-22,Delhi,31.5,73.1,12.0,199
2023-01-02,Hyderabad,31.3,63.8,10.2,181
2023-03-25,Mumbai,27.8,55.7,1.2,226
2023-04-02,Ahmedabad,30.0,49.6,5.8,108
2023-04-21,Lucknow,27.9,80.4,1.9,250
2023-03-01,Kolkata,30.8,38.6,19.3,117
2023-03-12,Pune,32.6,55.8,2.7,248
2023-02-13,Lucknow,33.5,84.2,3.0,264
2023-01-08,Mumbai,30.6,80.8,17.8,179
2023-02-16,Ahmedabad,34.4,54.1,18.9,98
2023-02-04,Mumbai,22.8,75.8,15.3,265
2023-03-19,Chennai,24.2,79.4,0.1,281
2023-03-22,Delhi,36.4,83.3,0.0,296
2023-02-05,Kolkata,26.5,62.7,7.6,175
2023-02-19,Jaipur,20.5,42.3,2.9,272
2023-04-14,Delhi,23.1,45.3,0.4,288
2023-01-04,Jaipur,24.5,47.7,9.3,208
2023-01-02,Ahmedabad,39.1,65.6,18.9,160
2023-01-06,Hyderabad,31.5,32.0,6.5,217
2023-02-23,Pune,38.7,68.2,13.2,97
2023-04-16,Bangalore,31.5,51.9,13.0,100
2023-01-04,Delhi,29.6,47.7,5.0,92
2023-02-23,Kolkata,26.3,82.8,13.0,147
2023-04-03,Mumbai,32.1,57.6,4.2,232
2023-03-04,Kolkata,22.8,35.7,2.4,265
2023-01-18,Ahmedabad,38.0,79.6,14.0,226
2023-03-31,Jaipur,36.6,32.9,2.3,173
2023-02-13,Mumbai,26.4,73.6,19.9,267
2023-02-03,Bangalore,39.1,76.4,3.7,129
2023-03-15,Bangalore,36.5,51.2,11.9,234
2023-03-03,Delhi,33.3,79.5,8.2,160
2023-04-10,Ahmedabad,22.4,60.9,2.5,254
2023-01-14,Hyderabad,29.6,57.8,0.6,192
2023-04-05,Ahmedabad,30.1,32.7,12.5,76
2023-02-17,Jaipur,24.7,47.4,16.1,245
2023-01-15,Kolkata,21.6,85.9,16.8,257
2023-03-13,Bangalore,35.5,53.5,9.7,241
2023-03-19,Kolkata,22.4,62.8,15.5,271
2023-03-28,Kolkata,31.9,61.9,13.5,285
2023-03-03,Kolkata,38.7,65.4,14.5,207
2023-02-09,Bangalore,37.5,33.7,9.9,213
2023-03-26,Lucknow,25.6,51.7,12.7,244
2023-03-21,Chennai,37.0,73.4,16.1,263
2023-04-19,Jaipur,20.0,42.0,8.0,162
2023-03-23,Lucknow,20.4,42.2,16.1,135
2023-04-21,Jaipur,32.1,30.6,11.8,163
2023-02-22,Mumbai,27.3,56.2,3.3,298
2023-01-24,Ahmedabad,27.7,83.0,0.5,291
2023-01-26,Ahmedabad,31.3,33.1,7.3,296
2023-03-30,Pune,23.8,41.5,10.9,173
2023-03-01,Ahmedabad,24.2,48.6,16.8,98
2023-04-19,Bangalore,29.7,73.9,2.5,125
2023-02-10,Hyderabad,35.1,68.4,16.0,104
2023-01-29,Delhi,32.4,55.0,17.3,262
2023-01-15,Pune,25.9,75.5,3.0,105
2023-02-14,Delhi,28.6,66.6,17.0,245
2023-03-06,Jaipur,23.4,83.8,19.8,144
2023-03-30,Delhi,21.5,79.1,14.5,93
2023-03-12,Delhi,35.7,45.2,15.7,208
2023-01-09,Pune,25.3,46.3,19.9,235
2023-03-29,Mumbai,23.6,37.5,12.1,136
2023-01-01,Kolkata,33.8,50.2,6.2,295
2023-04-18,Ahmedabad,32.4,90.0,16.8,230
2023-01-08,Ahmedabad,32.7,54.3,12.3,133
2023-03-29,Bangalore,24.6,43.2,11.6,256
2023-03-04,Pune,24.7,75.7,5.1,200
2023-01-11,Bangalore,24.4,62.5,15.1,205
2023-04-25,Hyderabad,23.5,39.0,1.6,65
2023-03-22,Hyderabad,33.1,52.8,18.5,214
2023-01-08,Bangalore,37.0,54.9,6.5,198
2023-02-04,Pune,34.5,75.2,2.6,256
2023-02-04,Bangalore,35.8,31.2,8.8,194
2023-02-02,Ahmedabad,28.1,46.1,0.8,291
2023-01-05,Lucknow,33.1,61.1,13.7,86
2023-04-16,Chennai,27.1,46.1,18.1,126
2023-04-13,Delhi,30.5,67.7,16.7,196
2023-02-10,Chennai,29.6,58.9,2.5,207
2023-01-28,Pune,23.5,51.7,2.5,94
2023-01-07,Chennai,27.7,87.0,16.3,195
2023-03-14,Hyderabad,39.3,67.9,18.5,255
2023-03-13,Jaipur,25.0,37.8,9.2,111
2023-01-12,Delhi,22.7,63.6,10.0,213
2023-02-03,Kolkata,28.4,76.8,6.4,149
2023-02-02,Pune,35.8,72.5,17.9,261
2023-02-17,Delhi,31.6,40.3,12.9,101
2023-04-29,Chennai,33.6,88.3,5.8,68
2023-01-23,Hyderabad,23.8,56.9,6.0,158
2023-03-03,Mumbai,32.4,39.5,17.8,93
2023-03-29,Lucknow,26.5,40.8,0.3,56
2023-02-06,Kolkata,36.7,35.9,6.5,298
2023-04-09,Lucknow,32.6,78.2,11.1,221
2023-02-13,Delhi,24.0,37.3,3.0,166
2023-04-14,Hyderabad,21.3,37.5,1.8,117
2023-03-27,Hyderabad,20.9,81.0,16.3,83
2023-04-01,Chennai,27.4,50.7,17.9,243
2023-02-04,Ahmedabad,25.3,31.9,16.5,118
2023-03-06,Chennai,32.9,33.1,18.0,104
2023-04-09,Ahmedabad,30.0,38.5,11.1,59
2023-04-11,Ahmedabad,25.3,42.8,16.2,273
2023-02-16,Kolkata,23.0,69.9,7.7,91
2023-03-19,Chennai,22.5,39.4,13.3,90
2023-01-03,Mumbai,37.3,37.1,19.8,254
2023-01-01,Bangalore,24.9,75.9,4.5,280
2023-01-05,Bangalore,33.0,70.3,7.8,246
2023-03-31,Chennai,36.2,56.1,9.6,171
2023-04-29,Chennai,32.3,63.0,2.8,187
2023-01-14,Lucknow,37.2,48.7,1.6,59
2023-04-13,Kolkata,27.8,59.0,16.6,151
2023-01-27,Chennai,39.1,60.4,19.5,268
2023-01-09,Lucknow,22.7,53.2,8.1,237
2023-03-20,Ahmedabad,22.0,84.4,1.8,177
2023-01-15,Hyderabad,33.2,31.0,1.3,228
2023-03-31,Hyderabad,38.9,76.9,17.8,198
2023-02-11,Ahmedabad,36.2,37.5,9.3,185
2023-03-18,Pune,21.5,77.9,6.4,242
2023-02-20,Lucknow,25.6,67.0,9.5,141
2023-03-04,Lucknow,38.6,80.6,6.4,162
2023-04-06,Ahmedabad,25.1,35.9,9.8,280
2023-04-13,Mumbai,35.6,63.5,17.2,127
2023-04-23,Jaipur,36.5,60.1,11.8,134
2023-02-21,Delhi,29.9,72.4,13.9,79
2023-04-06,Ahmedabad,27.7,62.1,7.3,262
2023-01-04,Chennai,29.0,62.4,14.8,98
2023-04-04,Chennai,24.5,55.8,13.3,58
2023-04-11,Kolkata,37.8,48.5,2.4,194
2023-01-23,Ahmedabad,29.0,58.9,11.5,118
2023-04-13,Kolkata,37.6,37.1,5.1,107
2023-04-19,Ahmedabad,22.1,87.7,16.1,234
2023-01-15,Lucknow,39.8,72.9,8.5,111
2023-02-12,Delhi,28.9,87.1,19.9,272
2023-01-29,Lucknow,21.0,43.6,1.9,101
2023-02-05,Jaipur,20.8,82.8,15.6,238
2023-01-13,Hyderabad,34.9,78.5,13.5,89
2023-02-01,Bangalore,33.2,70.6,15.3,215
2023-03-12,Ahmedabad,36.0,67.5,6.2,220
2023-02-28,Jaipur,22.1,49.0,9.8,112
2023-04-25,Hyderabad,20.7,79.0,15.9,196
2023-03-27,Pune,30.2,60.1,4.7,277
2023-01-28,Delhi,27.8,34.3,4.5,99
2023-03-07,Kolkata,29.2,48.8,11.0,210
2023-02-11,Kolkata,39.8,86.1,10.5,190
2023-02-14,Lucknow,39.4,81.0,5.6,127
2023-03-03,Chennai,38.8,88.9,6.0,297
2023-02-26,Hyderabad,35.7,67.7,5.6,146
2023-04-27,Pune,27.1,44.9,15.4,239
2023-01-06,Jaipur,28.2,39.8,13.0,270
2023-01-28,Delhi,31.0,41.2,16.6,92
2023-01-28,Hyderabad,36.6,31.2,19.5,226
2023-04-18,Pune,21.4,53.4,9.5,85
2023-02-13,Bangalore,28.5,41.5,1.3,171
2023-03-25,Ahmedabad,21.7,54.7,1.0,157
2023-01-30,Kolkata,30.3,86.1,5.9,59
2023-03-03,Jaipur,38.0,55.8,18.7,144
2023-03-16,Kolkata,35.6,82.7,10.5,55
2023-04-29,Jaipur,24.6,66.3,5.4,106
2023-04-02,Lucknow,39.5,44.8,8.0,178
2023-03-30,Chennai,33.3,51.4,12.0,120
2023-04-13,Jaipur,20.2,35.0,13.1,235
2023-03-03,Kolkata,25.1,50.0,3.1,268
2023-04-07,Lucknow,25.2,70.7,19.5,70
2023-01-01,Jaipur,21.4,34.3,10.9,141
2023-01-27,Bangalore,39.2,42.3,2.7,176
2023-03-03,Chennai,29.6,52.9,17.9,129
2023-04-26,Jaipur,37.9,88.9,1.5,105
2023-03-18,Lucknow,26.4,77.1,18.2,287
2023-04-15,Hyderabad,22.5,74.0,19.9,264
2023-01-03,Mumbai,29.5,37.0,14.0,165
2023-04-13,Pune,22.3,76.9,15.4,197
2023-03-11,Mumbai,29.7,77.1,6.7,279
2023-03-13,Mumbai,38.4,66.1,18.8,231
2023-01-27,Delhi,30.4,89.4,10.6,74
2023-01-09,Bangalore,32.3,49.5,14.6,205
2023-03-03,Hyderabad,23.1,86.5,18.5,54
2023-02-06,Ahmedabad,20.9,84.9,19.5,169
2023-04-07,Jaipur,22.2,30.7,16.7,70
2023-02-20,Pune,32.0,57.0,6.1,67
2023-04-16,Chennai,21.9,88.6,19.3,224
2023-02-13,Hyderabad,27.5,36.2,12.6,247
2023-01-24,Kolkata,31.0,62.9,18.6,106
2023-03-20,Ahmedabad,27.8,88.7,13.5,142
2023-02-28,Delhi,23.3,63.3,6.1,68
2023-04-28,Delhi,25.5,41.4,7.4,177
2023-02-01,Hyderabad,38.6,64.9,11.0,146
2023-04-06,Lucknow,33.5,42.3,15.8,242
2023-03-29,Mumbai,29.9,61.2,6.4,286
2023-04-15,Kolkata,20.3,34.4,11.6,180
2023-02-21,Delhi,39.8,66.3,6.9,219
2023-04-23,Pune,33.4,61.0,16.3,70
2023-03-03,Delhi,26.3,74.4,9.3,276
2023-04-23,Chennai,37.6,67.8,1.5,282
2023-02-27,Jaipur,25.2,63.0,3.3,89
2023-02-21,Delhi,30.9,71.4,1.2,116
2023-01-12,Chennai,32.7,38.6,10.0,202
2023-02-08,Hyderabad,24.4,65.7,2.1,176
2023-01-02,Hyderabad,39.6,40.3,2.3,286
2023-01-03,Ahmedabad,35.0,85.5,18.8,279
2023-04-23,Delhi,31.2,34.1,17.5,286
2023-04-11,Pune,23.6,55.8,9.0,104
2023-04-23,Delhi,21.1,71.7,19.7,261
2023-02-25,Pune,26.4,57.5,0.0,229
2023-03-22,Bangalore,35.1,35.5,12.3,221
2023-02-28,Ahmedabad,25.4,63.2,12.3,158
2023-04-23,Bangalore,30.8,68.5,9.1,147
2023-01-02,Delhi,34.6,72.2,7.9,262
2023-01-02,Ahmedabad,22.2,52.4,9.1,233
2023-04-02,Bangalore,33.7,63.8,8.3,232
2023-02-23,Mumbai,21.8,57.0,14.6,161
2023-03-28,Delhi,39.3,70.3,2.7,264
2023-04-11,Bangalore,29.8,65.0,4.0,247
2023-04-06,Mumbai,23.0,61.5,3.6,164
2023-04-07,Mumbai,26.8,45.0,5.2,166
2023-01-01,Hyderabad,28.3,30.1,10.5,254
2023-01-19,Delhi,35.2,40.4,2.2,290
2023-01-02,Mumbai,34.9,37.0,17.4,136
2023-02-22,Hyderabad,32.2,56.9,5.9,250
2023-02-13,Bangalore,22.1,66.7,3.3,130
2023-03-31,Chennai,23.0,42.8,13.5,115
2023-02-01,Delhi,21.9,86.3,0.8,68
2023-03-11,Ahmedabad,31.5,30.4,12.4,260
2023-02-01,Pune,37.5,76.3,14.0,297
2023-04-29,Pune,28.7,67.5,4.3,184
2023-03-09,Bangalore,23.2,52.4,0.8,167
2023-02-24,Lucknow,31.2,33.0,7.3,240
2023-03-16,Lucknow,36.2,67.6,2.0,91
2023-02-25,Bangalore,34.8,53.1,2.3,91
2023-01-17,Mumbai,37.6,86.2,5.1,108
2023-02-07,Delhi,25.6,62.5,5.9,69
2023-01-24,Pune,23.9,86.4,10.6,122
2023-03-10,Pune,37.6,43.2,13.6,66
2023-04-26,Mumbai,33.2,73.5,11.9,76
2023-04-08,Pune,26.2,67.0,3.0,224
2023-03-11,Ahmedabad,34.8,74.4,3.4,51
2023-03-27,Delhi,36.3,42.9,17.6,112
2023-01-11,Jaipur,32.3,69.9,11.2,111
2023-04-22,Pune,33.8,59.9,17.4,149
2023-01-16,Bangalore,27.5,74.6,7.4,68
2023-04-07,Ahmedabad,30.8,49.6,12.3,66
2023-03-14,Pune,30.5,83.4,10.5,118
2023-02-28,Ahmedabad,37.0,35.1,6.4,216
2023-03-11,Hyderabad,36.8,78.4,9.4,259
2023-03-21,Jaipur,36.7,81.7,10.0,166
2023-04-03,Kolkata,20.2,79.0,4.0,295
2023-01-03,Bangalore,35.0,60.8,6.3,248
2023-01-20,Bangalore,35.2,56.3,15.8,130
2023-02-28,Delhi,33.6,89.8,18.3,88
2023-02-05,Ahmedabad,35.1,43.8,7.2,85
2023-01-19,Mumbai,36.8,62.8,6.1,217
2023-03-31,Bangalore,29.4,70.2,3.9,222
2023-03-08,Ahmedabad,30.0,72.1,13.6,181
2023-01-19,Ahmedabad,22.5,42.2,6.5,279
2023-01-20,Chennai,27.7,69.2,19.8,202
2023-04-06,Chennai,32.9,79.1,6.5,246
2023-03-12,Kolkata,35.6,33.0,7.9,207
2023-02-21,Hyderabad,24.3,84.7,12.1,253
2023-04-15,Kolkata,22.8,31.8,16.0,245
2023-02-02,Pune,33.3,51.4,9.4,265
2023-02-09,Mumbai,20.0,30.9,8.5,78
2023-02-08,Pune,23.6,34.6,19.9,250
2023-03-23,Lucknow,20.6,84.7,0.2,245
2023-04-14,Pune,23.3,51.3,17.9,100
2023-01-01,Delhi,23.6,55.5,3.0,201
2023-01-11,Pune,27.8,42.9,15.7,63
2023-04-02,Kolkata,28.0,65.8,12.4,118
2023-02-26,Bangalore,37.5,65.7,6.8,195
2023-03-30,Bangalore,30.2,52.3,17.5,219
2023-02-19,Chennai,34.5,50.0,0.3,106
2023-01-23,Mumbai,22.1,83.1,4.5,260
2023-01-31,Mumbai,24.5,53.0,11.3,61
2023-04-04,Delhi,34.1,59.6,7.0,259
2023-02-11,Kolkata,21.1,47.0,12.2,66
2023-04-09,Chennai,29.7,77.2,0.5,79
2023-01-07,Lucknow,32.0,53.8,2.3,137
2023-01-16,Mumbai,32.0,60.8,2.5,252
2023-03-31,Bangalore,20.5,45.2,3.8,148
2023-04-22,Pune,26.4,89.3,9.2,72
2023-04-26,Pune,32.7,47.5,15.0,258
2023-03-01,Chennai,23.0,76.2,18.1,178
2023-04-23,Kolkata,33.9,55.6,16.7,128
2023-01-02,Kolkata,34.9,42.4,3.9,81
2023-01-01,Hyderabad,39.6,78.0,8.8,58
2023-02-17,Jaipur,24.2,50.0,4.0,64
2023-01-12,Mumbai,36.5,81.9,5.3,205
2023-03-10,Kolkata,30.4,84.9,10.1,201
2023-02-06,Bangalore,27.5,81.6,1.4,237
2023-02-01,Chennai,22.4,32.1,4.4,212
2023-04-29,Lucknow,34.7,77.2,18.7,263
2023-01-09,Hyderabad,24.7,54.7,9.3,76
2023-04-15,Ahmedabad,27.4,82.4,8.9,260
2023-04-09,Delhi,21.3,68.3,0.3,158
2023-01-19,Lucknow,36.0,80.0,4.9,125
2023-02-17,Ahmedabad,35.3,60.0,17.3,197
2023-03-21,Pune,34.7,62.1,3.3,114
2023-01-03,Delhi,26.0,38.7,8.3,262
2023-01-20,Mumbai,23.5,77.0,0.3,226
2023-01-24,Bangalore,32.8,55.2,9.6,158
2023-02-23,Delhi,29.9,60.0,0.4,178
2023-04-30,Jaipur,23.6,77.1,16.4,59
2023-02-02,Ahmedabad,33.7,65.9,16.5,96
2023-01-24,Mumbai,39.8,42.1,15.8,172
2023-04-26,Jaipur,34.9,65.4,5.7,108
2023-03-16,Pune,34.8,54.5,16.7,145
2023-04-23,Jaipur,39.0,58.2,10.9,239
2023-03-13,Hyderabad,24.1,31.7,7.5,152
2023-02-05,Hyderabad,31.3,42.6,12.5,173
2023-02-07,Chennai,39.6,46.9,0.2,135
2023-04-14,Lucknow,23.3,72.8,2.9,195
2023-03-25,Lucknow,34.0,30.7,14.8,161
2023-04-09,Mumbai,31.7,54.5,4.9,223
2023-04-22,Pune,31.7,85.4,12.0,209
2023-03-30,Kolkata,34.0,36.7,7.7,76
2023-04-09,Hyderabad,38.6,61.0,17.1,269
2023-01-25,Mumbai,35.7,77.2,19.0,67
2023-04-03,Kolkata,21.1,86.6,17.7,216
2023-01-18,Lucknow,37.1,74.8,5.4,226
2023-04-20,Chennai,24.5,73.2,3.9,270
2023-03-23,Jaipur,27.5,79.6,9.5,131
2023-03-07,Hyderabad,29.2,56.8,0.1,221
2023-02-23,Mumbai,29.6,78.4,0.5,121
2023-02-04,Delhi,28.7,30.5,11.1,103
2023-03-21,Kolkata,38.7,85.5,10.4,272
2023-03-02,Jaipur,34.1,56.6,19.9,211
2023-02-10,Hyderabad,32.6,63.2,4.0,120
2023-04-10,Lucknow,21.0,45.3,5.2,213
2023-02-02,Pune,38.1,74.6,2.3,195
2023-03-09,Kolkata,38.2,34.6,18.4,87
2023-02-02,Lucknow,35.6,82.4,15.6,236
2023-01-14,Hyderabad,20.1,79.7,16.4,186
2023-01-21,Kolkata,21.1,43.0,18.1,250
2023-02-17,Jaipur,24.5,78.6,10.5,287
2023-01-20,Hyderabad,22.6,77.2,9.0,249
2023-04-30,Ahmedabad,28.0,67.9,6.6,228
2023-01-08,Mumbai,38.5,52.4,11.8,84
2023-01-07,Jaipur,29.4,46.3,9.1,131
2023-03-08,Kolkata,20.3,43.9,9.0,182
2023-01-17,Pune,25.7,49.1,18.7,191
2023-02-02,Lucknow,20.9,84.2,19.7,269
2023-02-17,Delhi,20.7,34.7,15.9,207
2023-03-17,Lucknow,25.5,79.7,15.1,53
2023-02-28,Kolkata,25.5,50.9,13.6,216
2023-04-25,Lucknow,35.7,61.3,3.3,261
2023-03-27,Mumbai,39.5,77.7,1.2,241
2023-04-29,Hyderabad,27.4,83.1,13.8,202
2023-01-22,Delhi,28.6,50.7,14.6,205
2023-04-20,Bangalore,36.9,57.7,0.9,253
2023-01-30,Kolkata,25.4,54.9,18.6,243
2023-02-07,Chennai,23.1,30.8,1.8,284
2023-04-12,Bangalore,37.1,47.8,5.7,255
2023-04-19,Lucknow,20.9,57.6,13.4,199
2023-02-20,Kolkata,32.4,54.7,3.4,208
2023-02-23,Ahmedabad,31.2,73.3,1.1,72
2023-01-08,Chennai,26.9,53.1,6.6,97
2023-01-27,Delhi,26.3,59.4,15.3,197
2023-01-27,Pune,35.4,55.8,8.3,174
2023-04-08,Ahmedabad,21.7,74.4,13.1,215
2023-01-21,Bangalore,24.7,81.8,11.6,104
2023-01-30,Hyderabad,34.6,61.9,0.4,117
2023-04-07,Mumbai,31.0,77.4,19.8,256
2023-01-28,Pune,22.6,47.8,0.8,137
2023-04-21,Ahmedabad,37.6,62.5,19.4,266
2023-03-05,Hyderabad,27.9,50.7,11.0,50
2023-04-07,Hyderabad,36.6,54.9,19.3,184
2023-03-10,Kolkata,35.8,73.9,2.3,234
2023-03-02,Ahmedabad,32.5,82.9,9.8,144
2023-02-17,Delhi,29.9,37.3,3.4,189
2023-01-19,Lucknow,39.6,68.1,1.0,155
2023-01-04,Chennai,22.9,64.9,12.4,182
2023-02-04,Chennai,34.5,37.1,4.2,157
2023-03-05,Bangalore,23.8,42.7,11.8,227
2023-02-18,Bangalore,26.8,48.7,2.2,91
2023-01-17,Chennai,26.2,40.0,6.6,151
2023-02-13,Delhi,38.9,44.6,15.6,173
2023-04-02,Mumbai,39.3,46.1,8.7,189
2023-01-30,Jaipur,23.7,50.1,12.6,152
2023-04-03,Lucknow,20.4,75.0,12.9,195
2023-02-15,Mumbai,34.4,64.3,16.9,243
2023-04-27,Kolkata,28.4,89.2,6.5,123
2023-01-06,Jaipur,21.8,54.9,13.7,256
2023-04-09,Jaipur,33.7,75.2,19.2,271
2023-04-15,Ahmedabad,30.9,82.3,14.6,157
2023-02-06,Delhi,39.6,70.7,9.8,171
2023-01-24,Delhi,24.5,54.7,12.6,66
2023-04-03,Jaipur,28.1,75.2,14.8,245
2023-04-23,Ahmedabad,30.9,42.2,12.2,120
2023-02-15,Lucknow,35.8,49.7,0.3,111
2023-02-22,Jaipur,31.0,62.8,3.9,90
2023-04-05,Pune,32.3,64.5,16.2,272
2023-04-09,Bangalore,24.5,31.3,5.5,292
2023-03-01,Bangalore,36.9,86.7,14.6,296
2023-04-07,Mumbai,28.6,71.8,7.4,280
2023-04-26,Kolkata,22.8,59.7,10.4,168
2023-03-04,Bangalore,33.3,86.0,1.4,211
2023-03-26,Hyderabad,24.3,56.3,3.6,247
2023-02-01,Mumbai,22.0,88.8,19.1,291
2023-03-28,Bangalore,37.2,60.7,17.8,279
2023-02-02,Kolkata,29.2,36.9,13.0,94
2023-03-08,Delhi,35.0,75.9,9.2,107
2023-01-18,Delhi,25.8,70.7,13.5,228
2023-01-25,Lucknow,35.7,76.4,12.4,175
2023-04-16,Jaipur,22.2,87.1,11.4,211
2023-04-05,Pune,27.1,76.6,1.2,93
2023-02-23,Delhi,39.6,66.7,12.7,64
2023-02-27,Ahmedabad,35.9,81.4,15.4,127
2023-03-08,Bangalore,29.9,70.4,19.9,119
2023-04-14,Ahmedabad,26.8,54.5,0.2,227
2023-02-15,Kolkata,37.4,83.1,14.6,150
2023-01-24,Delhi,30.9,43.3,11.4,291
2023-04-24,Pune,35.2,72.9,8.7,209
2023-02-01,Kolkata,35.1,82.9,2.6,244
2023-02-16,Hyderabad,20.4,73.9,8.2,52
2023-03-27,Hyderabad,22.5,71.8,7.1,263
2023-01-23,Ahmedabad,33.2,75.2,6.1,135
2023-03-07,Jaipur,23.2,57.9,14.6,123
2023-01-27,Mumbai,25.1,82.5,14.0,100
2023-04-16,Jaipur,38.9,42.2,11.8,116
2023-01-02,Lucknow,31.2,37.6,18.8,125
2023-03-31,Jaipur,35.0,47.1,7.0,142
2023-01-17,Lucknow,31.2,61.9,4.9,225
2023-04-14,Lucknow,31.1,60.6,13.1,194
2023-02-02,Pune,21.9,79.2,4.0,56
2023-01-09,Delhi,26.9,54.3,6.3,62
2023-02-12,Pune,25.6,59.1,4.5,169
2023-04-28,Lucknow,27.8,30.8,1.4,115
2023-02-17,Kolkata,36.0,54.6,16.5,53
2023-02-08,Hyderabad,27.4,68.9,5.1,187
2023-04-03,Lucknow,29.0,30.9,9.5,280
2023-02-11,Pune,27.9,46.9,0.9,137
2023-04-29,Kolkata,21.9,42.5,14.0,66
2023-01-26,Pune,28.8,32.5,6.6,101
2023-04-09,Jaipur,23.9,58.8,14.9,183
2023-02-19,Bangalore,23.7,40.9,8.2,260
2023-01-25,Ahmedabad,21.9,74.6,3.9,118
2023-01-24,Mumbai,27.1,80.9,10.3,273
2023-01-13,Pune,35.1,62.7,2.6,251
2023-03-01,Mumbai,25.5,88.9,8.8,186
2023-01-07,Chennai,26.2,57.0,6.3,268
2023-02-26,Pune,32.9,60.8,18.2,254
2023-02-05,Bangalore,23.9,89.4,1.2,260
2023-02-14,Mumbai,37.9,43.9,13.9,70
2023-01-20,Lucknow,30.4,86.6,3.7,73
2023-03-06,Pune,29.0,32.6,6.4,279
2023-01-08,Delhi,31.2,56.8,8.3,53
2023-04-20,Ahmedabad,23.3,34.2,18.2,201
2023-01-16,Bangalore,32.3,73.8,4.9,236
2023-01-14,Mumbai,27.3,66.5,1.8,276
2023-03-17,Bangalore,37.9,72.4,6.4,52
2023-04-25,Kolkata,23.4,52.5,2.1,117
2023-03-28,Ahmedabad,30.1,52.2,2.6,298
2023-01-15,Lucknow,32.0,32.7,11.5,150
2023-04-02,Pune,20.7,51.0,1.2,217
2023-04-08,Pune,27.3,85.8,0.6,225
2023-03-07,Pune,34.7,52.8,14.3,103
2023-02-01,Ahmedabad,36.4,79.9,7.2,84
2023-03-28,Delhi,26.3,80.5,2.5,272
2023-03-04,Chennai,36.0,52.4,5.1,105
2023-03-27,Hyderabad,39.4,67.9,12.8,157
2023-02-20,Jaipur,37.1,35.7,5.5,266
2023-01-25,Mumbai,22.4,36.2,9.9,89
2023-02-27,Delhi,34.8,32.9,2.4,254
2023-03-04,Lucknow,26.4,64.9,11.8,117
2023-03-03,Mumbai,39.8,55.6,6.3,95
2023-01-22,Pune,29.7,62.9,12.5,127
2023-02-27,Bangalore,22.4,61.3,16.2,190
2023-02-27,Lucknow,34.5,51.0,12.2,204
2023-03-27,Mumbai,26.5,70.6,5.9,55
2023-02-18,Pune,39.9,75.5,5.1,66
2023-02-21,Mumbai,39.6,30.9,6.5,213
2023-02-11,Bangalore,33.1,42.4,3.3,281
2023-03-11,Pune,22.6,72.8,3.6,290
2023-01-15,Chennai,33.7,53.2,15.8,148
2023-02-23,Delhi,21.9,69.7,7.7,130
2023-04-17,Kolkata,20.6,50.8,8.7,282
2023-03-01,Jaipur,36.5,53.4,11.9,51
2023-04-11,Ahmedabad,24.2,39.5,11.8,298
2023-04-07,Jaipur,27.6,45.5,1.3,126
2023-01-08,Lucknow,39.5,66.3,16.6,229
2023-02-22,Jaipur,26.7,56.0,3.5,115
2023-03-01,Pune,25.9,76.5,14.5,101
2023-04-18,Chennai,38.4,81.2,15.5,141
2023-04-18,Kolkata,22.2,62.5,14.3,220
2023-01-05,Delhi,35.2,75.5,11.6,267
2023-04-13,Delhi,39.8,48.4,0.3,71
2023-03-09,Bangalore,38.0,54.9,7.2,160
2023-01-06,Ahmedabad,33.0,72.8,12.1,156
2023-04-19,Mumbai,26.3,53.2,7.7,232
2023-04-06,Chennai,25.1,65.3,17.3,116
2023-04-26,Mumbai,36.4,41.1,6.2,276
2023-04-04,Kolkata,37.6,66.0,5.9,237
2023-02-16,Jaipur,30.5,81.7,5.3,235
2023-04-09,Delhi,24.9,82.1,6.7,189
2023-02-24,Kolkata,22.3,73.5,11.1,265
2023-02-09,Jaipur,21.7,74.7,14.1,118
2023-02-21,Delhi,34.4,63.5,13.3,133
2023-01-16,Jaipur,28.4,65.1,16.2,152
2023-01-13,Ahmedabad,38.1,38.0,17.7,88
2023-04-24,Chennai,34.8,56.6,16.3,62
2023-04-16,Lucknow,23.8,57.0,0.4,90
2023-01-30,Kolkata,32.3,87.5,14.7,106
2023-01-19,Kolkata,28.7,55.9,4.2,230
2023-01-17,Hyderabad,31.5,63.0,2.7,286
2023-04-30,Pune,34.8,62.0,12.8,61
2023-03-04,Ahmedabad,36.1,68.2,6.4,62
2023-01-19,Ahmedabad,36.9,74.9,1.1,169
2023-04-02,Mumbai,25.1,43.5,2.8,251
2023-02-27,Jaipur,20.6,61.7,0.0,146
2023-02-24,Pune,34.8,79.6,18.1,106
2023-03-31,Chennai,22.1,57.8,0.5,89
2023-04-11,Chennai,26.3,46.7,4.2,167
2023-03-31,Ahmedabad,20.1,69.3,8.3,129
2023-04-27,Chennai,33.6,79.4,7.1,177
2023-03-03,Hyderabad,23.3,33.8,18.2,222
2023-01-23,Kolkata,33.1,76.6,0.8,84
2023-01-09,Bangalore,39.8,79.3,10.2,52
2023-01-12,Lucknow,21.5,57.7,13.6,169
2023-04-27,Mumbai,21.5,89.0,18.6,54
2023-01-01,Jaipur,26.8,77.2,12.4,267
2023-02-27,Lucknow,37.3,76.4,16.1,60
2023-01-01,Jaipur,24.3,74.9,1.7,175
2023-04-21,Delhi,27.2,39.0,7.7,120
2023-02-03,Lucknow,21.4,43.0,7.5,166
2023-04-06,Bangalore,35.3,57.8,17.7,233
2023-04-28,Ahmedabad,28.2,45.8,3.0,187
2023-02-17,Hyderabad,35.2,54.9,3.0,155
2023-03-30,Kolkata,38.1,83.3,6.6,165
2023-04-14,Kolkata,24.7,79.5,1.1,211
2023-04-19,Hyderabad,36.1,67.8,3.6,116
2023-04-27,Pune,21.2,81.5,19.3,249
2023-01-01,Delhi,38.0,77.0,8.6,80
2023-01-16,Jaipur,33.0,55.7,12.6,124
2023-03-02,Bangalore,37.5,42.1,14.5,286
2023-04-13,Chennai,20.0,60.9,7.3,120
2023-03-05,Lucknow,23.4,74.2,2.9,286
2023-03-04,Delhi,27.8,56.2,4.1,115
2023-03-10,Lucknow,27.6,70.0,6.3,119
2023-01-22,Bangalore,24.5,35.7,12.7,90
2023-04-03,Mumbai,27.6,74.9,8.0,240
2023-04-29,Mumbai,22.6,78.8,0.1,209
2023-03-08,Delhi,28.3,72.4,10.5,69
2023-03-17,Ahmedabad,36.0,88.0,18.4,234
2023-01-26,Bangalore,29.6,79.6,16.2,275
2023-01-16,Bangalore,20.4,84.2,16.5,227
2023-02-20,Hyderabad,28.4,86.0,15.9,257
2023-04-11,Ahmedabad,20.5,78.1,6.5,202
2023-03-27,Jaipur,39.3,70.5,15.3,189
2023-02-26,Jaipur,22.5,30.3,2.9,248
2023-01-29,Chennai,34.2,57.9,13.2,88
2023-03-19,Kolkata,39.5,64.3,12.8,194
2023-04-02,Mumbai,36.5,48.2,0.5,94
2023-03-10,Jaipur,34.0,49.1,15.8,188
2023-02-16,Ahmedabad,36.8,87.7,18.1,119
2023-04-23,Bangalore,39.6,83.5,5.3,174
2023-04-04,Jaipur,32.4,81.0,16.2,200
2023-04-20,Bangalore,31.2,54.4,1.6,140
2023-03-03,Jaipur,32.6,30.8,12.0,287
2023-04-26,Mumbai,30.7,34.8,9.7,119
2023-03-10,Lucknow,32.7,48.7,10.9,215
2023-03-17,Jaipur,29.0,30.9,18.5,179
2023-01-16,Ahmedabad,24.4,31.0,17.4,263
2023-03-31,Jaipur,22.4,85.0,15.7,133
2023-03-31,Kolkata,21.4,72.4,5.5,138
2023-02-17,Mumbai,25.3,48.5,18.2,128
2023-03-26,Ahmedabad,20.9,38.0,2.0,162
2023-02-08,Hyderabad,31.3,60.7,17.1,142
2023-04-10,Ahmedabad,25.7,30.3,6.6,121
2023-02-02,Kolkata,36.5,86.3,1.1,214
2023-04-04,Lucknow,21.5,54.9,13.4,98
2023-04-11,Mumbai,24.5,54.1,4.6,101
2023-01-23,Hyderabad,34.6,53.4,4.9,82
2023-01-10,Kolkata,32.0,34.2,6.1,71
2023-04-28,Kolkata,21.3,68.3,1.3,163
2023-03-10,Delhi,37.5,74.0,3.5,288
2023-04-10,Mumbai,37.5,70.6,0.1,182
2023-02-03,Ahmedabad,26.6,38.3,8.9,280
2023-02-21,Bangalore,26.8,64.7,1.7,67
2023-04-05,Lucknow,39.8,64.2,13.7,215
2023-01-10,Bangalore,32.5,82.1,4.7,167
2023-01-19,Ahmedabad,30.6,52.7,18.9,166
2023-02-27,Ahmedabad,36.8,52.3,17.4,86
2023-04-06,Mumbai,25.7,67.1,5.8,271
2023-01-01,Ahmedabad,28.6,68.0,15.7,292
2023-04-30,Delhi,25.4,58.2,16.1,272
2023-03-10,Hyderabad,35.8,56.6,19.7,113
2023-04-19,Ahmedabad,31.5,59.6,12.0,187
2023-01-04,Bangalore,33.2,81.7,1.6,128
2023-01-16,Ahmedabad,25.0,57.7,12.9,219
2023-01-24,Delhi,24.4,86.4,12.5,172
2023-03-21,Jaipur,29.8,60.2,12.8,225
2023-04-29,Jaipur,34.8,87.0,6.1,93
2023-01-02,Kolkata,30.5,80.0,17.2,131
2023-04-23,Lucknow,20.7,51.7,19.2,136
2023-04-02,Chennai,37.4,81.8,4.4,274
2023-02-01,Hyderabad,21.3,36.6,1.8,65
2023-04-01,Pune,39.1,85.5,3.9,103
2023-03-25,Kolkata,20.5,67.9,16.4,151
2023-01-24,Lucknow,33.9,33.3,13.5,212
2023-01-12,Jaipur,21.6,68.7,12.7,147
2023-02-19,Bangalore,38.2,88.5,8.0,205
2023-02-04,Pune,29.3,34.2,11.6,51
2023-02-02,Lucknow,22.8,63.3,6.2,143
2023-02-02,Lucknow,26.8,74.9,9.5,190
2023-03-02,Kolkata,23.3,78.6,15.9,218
2023-02-20,Pune,23.4,54.8,19.6,257
2023-02-12,Mumbai,39.0,42.2,18.6,108
2023-04-11,Chennai,28.9,32.5,18.7,118
2023-01-12,Mumbai,35.8,64.8,8.0,168
2023-03-08,Pune,32.8,57.2,9.4,141
2023-03-06,Mumbai,33.5,86.9,14.1,230
2023-02-02,Delhi,22.6,33.6,18.4,280
2023-02-09,Jaipur,24.7,71.1,2.8,94
2023-03-15,Delhi,35.7,31.5,6.1,197
2023-02-12,Ahmedabad,39.4,40.3,2.8,73
2023-02-13,Mumbai,25.3,57.2,12.2,238
2023-01-29,Ahmedabad,25.4,57.3,6.1,140
2023-01-13,Bangalore,29.5,71.1,6.5,143
2023-01-12,Hyderabad,39.7,84.6,1.4,107
2023-04-05,Bangalore,25.4,68.3,7.0,286
2023-02-15,Pune,28.1,87.2,17.2,204
2023-01-02,Lucknow,37.8,82.9,4.7,203
2023-04-25,Jaipur,20.1,65.1,13.9,177
2023-04-24,Mumbai,20.8,80.0,12.6,56
2023-02-04,Kolkata,32.1,68.6,17.3,219
2023-03-28,Hyderabad,38.1,34.7,2.6,96
2023-03-22,Chennai,24.8,74.4,19.6,102
2023-03-31,Chennai,29.4,35.7,11.7,236
2023-01-08,Chennai,29.0,65.6,19.9,87
2023-04-03,Mumbai,29.5,72.2,18.2,246
2023-01-26,Chennai,32.5,34.0,4.4,264
2023-03-15,Delhi,29.4,43.8,1.1,269
2023-03-31,Hyderabad,28.9,84.9,5.1,275
2023-02-03,Delhi,29.5,67.0,10.6,102
2023-04-25,Lucknow,31.8,44.8,3.4,192
2023-04-15,Hyderabad,30.7,71.4,3.3,273
2023-01-07,Delhi,37.1,65.8,9.3,203
2023-03-09,Hyderabad,21.0,60.1,0.7,97
2023-02-27,Lucknow,36.7,88.6,2.4,144
2023-04-27,Ahmedabad,36.9,71.0,8.3,196
2023-04-24,Mumbai,25.7,52.5,1.3,186
2023-04-19,Mumbai,29.3,78.0,7.9,113
2023-03-16,Chennai,28.8,83.1,9.5,142
2023-01-29,Bangalore,24.4,37.5,9.0,231
2023-04-30,Chennai,27.9,42.0,17.4,174
2023-02-05,Pune,20.9,43.0,10.6,299
2023-03-30,Delhi,25.6,71.5,9.4,228
2023-01-21,Hyderabad,36.3,66.2,8.2,88
2023-02-05,Bangalore,25.7,67.1,16.4,53
2023-01-10,Lucknow,36.4,86.4,17.9,175
2023-04-11,Pune,30.6,76.6,17.1,52
2023-03-14,Lucknow,37.6,37.7,13.5,297
2023-01-24,Mumbai,31.5,50.9,2.7,113
2023-03-05,Mumbai,20.6,56.1,5.5,78
2023-04-09,Chennai,33.5,53.8,0.9,165
2023-02-18,Delhi,20.9,70.2,18.6,60
2023-04-09,Bangalore,29.0,83.5,13.2,146
2023-04-22,Jaipur,38.6,48.4,14.9,151
2023-02-05,Pune,23.3,63.1,6.2,235
2023-03-23,Pune,27.8,77.4,16.9,252
2023-04-23,Chennai,34.6,55.0,5.2,204
2023-04-13,Mumbai,37.6,40.1,0.0,274
2023-04-06,Chennai,33.4,58.5,7.5,70
2023-01-24,Hyderabad,25.2,33.3,11.4,88
2023-01-23,Bangalore,33.5,86.5,9.6,272
2023-03-03,Delhi,25.9,34.5,17.2,151
2023-04-06,Ahmedabad,34.4,56.3,2.1,95
2023-02-06,Kolkata,39.1,61.8,11.1,115
2023-01-12,Kolkata,34.4,89.1,10.3,140
2023-04-23,Chennai,37.3,40.0,5.6,213
2023-02-24,Hyderabad,20.0,36.9,16.4,252
2023-01-13,Bangalore,34.4,30.5,15.1,160
2023-01-23,Jaipur,36.6,39.3,14.7,131
2023-03-30,Kolkata,20.8,42.4,17.5,172
2023-04-09,Bangalore,37.4,67.8,14.5,242
2023-04-15,Delhi,25.1,43.2,4.6,240
2023-01-30,Lucknow,33.3,31.2,14.1,148
2023-01-17,Hyderabad,36.0,79.6,6.2,84
2023-04-23,Mumbai,33.3,51.9,4.8,208
2023-03-03,Bangalore,21.8,51.2,1.5,205
2023-03-25,Delhi,31.9,48.1,14.9,152
2023-04-22,Jaipur,31.0,88.5,14.2,178
2023-03-30,Ahmedabad,38.0,40.2,4.7,74
2023-03-27,Mumbai,28.1,83.9,15.0,92
2023-01-13,Ahmedabad,26.4,76.6,18.4,279
2023-02-28,Jaipur,35.0,34.6,2.2,133
2023-01-19,Delhi,28.3,89.2,4.7,244
2023-02-18,Kolkata,32.9,46.3,15.0,240
2023-04-10,Ahmedabad,32.9,35.9,5.5,100
2023-01-12,Mumbai,37.8,79.8,12.5,179
2023-03-02,Chennai,32.0,72.4,1.6,259
2023-04-15,Pune,30.0,67.0,9.0,175
2023-01-19,Bangalore,22.8,39.4,14.8,285
2023-03-17,Kolkata,22.3,58.7,13.7,241
2023-01-09,Ahmedabad,23.1,76.8,16.3,251
2023-03-12,Lucknow,23.4,48.2,17.5,118
2023-01-28,Bangalore,32.8,48.7,15.5,58
2023-03-19,Chennai,34.8,30.2,13.4,51
2023-04-05,Jaipur,30.6,40.5,0.6,211
2023-02-21,Pune,36.6,82.5,10.7,237
2023-03-24,Delhi,39.8,56.5,0.8,279
2023-04-21,Chennai,36.4,89.1,16.2,238
2023-01-16,Chennai,33.9,53.7,6.4,208
2023-04-27,Jaipur,30.6,72.9,11.2,59
2023-03-10,Hyderabad,29.0,46.9,5.6,163
2023-04-09,Jaipur,21.7,51.8,15.7,125
2023-01-12,Hyderabad,28.0,41.4,17.7,213
2023-01-25,Hyderabad,38.2,50.8,8.0,295
2023-02-21,Kolkata,36.2,62.8,17.3,134
2023-03-26,Kolkata,24.3,89.5,5.3,98
2023-04-10,Mumbai,29.3,69.9,10.7,288
2023-02-22,Ahmedabad,36.3,42.0,17.2,119
2023-01-23,Ahmedabad,21.3,32.7,6.5,289
2023-01-16,Delhi,27.7,37.6,19.1,226
2023-02-26,Ahmedabad,37.0,63.8,2.4,180
2023-02-08,Kolkata,28.1,75.9,0.4,251
2023-04-19,Mumbai,21.6,86.4,18.1,182
2023-02-22,Mumbai,30.9,30.9,1.4,287
2023-02-11,Hyderabad,37.2,61.4,19.8,267
2023-02-27,Jaipur,31.8,58.3,19.0,238
2023-02-08,Delhi,24.5,69.4,2.7,262
2023-01-14,Hyderabad,27.7,63.6,10.8,286
2023-04-05,Jaipur,29.0,71.2,3.7,139
2023-01-05,Ahmedabad,31.6,69.5,8.6,279
2023-02-04,Hyderabad,35.2,37.0,1.2,285
2023-03-28,Bangalore,22.0,78.0,4.5,75
2023-04-03,Ahmedabad,37.8,37.4,7.3,121
2023-04-17,Jaipur,20.2,71.9,8.8,54
2023-03-16,Delhi,27.4,55.0,19.5,64
2023-01-18,Jaipur,20.5,60.8,16.2,172
2023-04-21,Hyderabad,27.9,84.2,14.7,193
2023-03-17,Hyderabad,30.5,83.4,10.7,50
2023-01-09,Chennai,30.2,79.1,16.8,193
2023-03-15,Delhi,23.3,60.6,6.8,214
2023-02-27,Lucknow,32.9,74.2,14.2,52
2023-04-18,Ahmedabad,20.9,60.8,19.9,229
2023-01-17,Mumbai,35.2,82.2,6.3,96
2023-04-12,Delhi,38.9,54.2,13.5,144
2023-01-07,Mumbai,26.8,88.2,16.9,62
2023-02-15,Delhi,30.3,85.9,18.3,169
2023-01-13,Delhi,27.6,74.5,14.4,257
2023-02-09,Jaipur,20.1,46.8,5.7,104
2023-02-11,Delhi,27.7,37.9,6.5,284
2023-01-09,Chennai,35.8,81.3,0.4,198
2023-02-19,Lucknow,31.9,39.9,15.2,115
2023-01-27,Hyderabad,22.0,81.3,0.9,231
2023-03-07,Pune,36.9,59.4,17.3,204
2023-01-05,Mumbai,30.6,54.4,2.4,215
2023-01-29,Hyderabad,36.8,84.2,3.4,139
2023-02-06,Pune,31.6,66.2,9.5,235
2023-02-07,Lucknow,31.2,64.6,14.8,111
2023-03-24,Lucknow,22.1,63.5,2.8,151
2023-01-08,Mumbai,23.3,52.3,8.8,223
2023-04-22,Mumbai,39.4,77.1,9.7,266
2023-04-19,Lucknow,24.6,45.2,4.2,188
2023-03-06,Pune,39.5,86.3,2.3,249
2023-03-27,Delhi,30.6,83.6,16.7,57
2023-04-26,Ahmedabad,22.7,50.2,10.0,146
2023-01-17,Bangalore,22.0,73.8,0.3,166
2023-03-12,Hyderabad,24.2,64.4,16.1,248
2023-03-30,Jaipur,38.5,50.3,19.6,113
2023-02-14,Hyderabad,28.3,89.3,12.1,279
2023-01-04,Jaipur,27.9,31.5,10.1,70
2023-02-05,Pune,26.3,45.2,17.6,249
2023-03-11,Jaipur,22.9,61.2,19.1,164
2023-01-31,Mumbai,29.8,61.3,15.1,295
2023-01-19,Ahmedabad,22.6,65.3,8.9,240
2023-03-02,Ahmedabad,36.7,75.1,11.8,134
2023-04-18,Mumbai,27.4,67.4,14.0,241
2023-02-23,Chennai,27.5,66.0,3.9,297
2023-02-08,Pune,29.5,33.2,8.9,69
2023-04-01,Chennai,28.9,52.6,16.6,57
2023-03-15,Chennai,39.9,43.9,13.1,107
2023-03-31,Hyderabad,30.9,45.9,8.2,95
2023-01-19,Lucknow,21.8,63.3,13.3,80
2023-02-08,Hyderabad,32.1,42.0,2.4,291
2023-03-08,Lucknow,23.0,47.6,8.0,298
2023-02-14,Bangalore,20.6,44.2,15.9,142
2023-01-13,Jaipur,39.4,86.9,4.4,289
2023-04-24,Lucknow,35.5,86.7,3.7,58
2023-04-02,Mumbai,39.6,66.6,19.0,64
2023-02-27,Hyderabad,29.6,85.5,4.2,143
2023-01-20,Pune,30.6,77.1,5.2,203
2023-04-02,Jaipur,23.4,65.4,19.4,187
2023-03-13,Bangalore,24.9,30.4,14.7,78
2023-03-02,Lucknow,36.8,76.4,14.0,295
2023-04-15,Bangalore,27.1,72.1,17.1,129
2023-02-08,Pune,36.5,66.9,2.3,85
2023-01-01,Chennai,34.2,75.6,14.1,133
2023-01-03,Ahmedabad,23.5,60.8,10.1,158
2023-03-18,Pune,30.1,72.2,16.6,167
2023-04-02,Kolkata,33.5,86.1,10.2,86
2023-03-03,Pune,24.7,52.5,12.4,135
2023-03-04,Bangalore,36.6,72.5,9.6,120
2023-04-23,Mumbai,30.9,58.5,9.6,200
2023-01-25,Hyderabad,23.3,70.5,15.4,218
2023-02-25,Mumbai,31.7,75.8,12.6,281
2023-02-02,Bangalore,40.0,32.7,12.7,142
2023-02-07,Hyderabad,23.0,68.8,9.0,129
2023-04-27,Kolkata,36.3,43.6,10.6,151
2023-01-06,Ahmedabad,24.1,70.2,14.9,205
2023-02-27,Jaipur,35.6,58.1,16.5,225
2023-02-13,Bangalore,34.7,76.4,13.9,215
2023-02-14,Lucknow,26.0,37.4,18.5,208
2023-02-01,Bangalore,26.5,67.6,16.4,63
2023-02-14,Bangalore,35.9,46.7,11.2,166
2023-03-02,Hyderabad,29.2,81.2,13.4,274
2023-02-16,Delhi,34.6,85.7,18.5,298
2023-01-21,Pune,23.0,89.8,12.4,122
2023-03-21,Delhi,37.1,77.8,16.5,298
2023-04-28,Kolkata,34.2,75.2,13.8,140
2023-03-26,Lucknow,38.1,42.9,11.0,265
2023-03-16,Ahmedabad,22.6,50.2,4.8,254
2023-04-11,Chennai,31.9,57.9,8.5,139
2023-02-05,Kolkata,32.0,76.4,19.4,78
2023-04-09,Chennai,27.1,84.9,13.2,228
2023-01-19,Chennai,29.2,41.3,11.3,98
2023-01-20,Ahmedabad,20.8,85.3,18.7,220
2023-02-26,Mumbai,34.9,71.7,11.7,269
2023-01-18,Delhi,31.0,66.6,10.5,269
2023-02-16,Bangalore,21.2,42.0,15.2,121
2023-04-15,Jaipur,33.6,33.3,14.3,264
2023-02-18,Chennai,29.3,64.1,3.9,270
2023-01-14,Lucknow,20.7,69.1,9.4,182
2023-01-15,Kolkata,39.4,42.6,9.5,91
2023-01-31,Mumbai,39.0,63.4,7.6,184
2023-01-01,Chennai,30.3,81.4,10.3,91
2023-04-27,Mumbai,21.9,80.1,8.3,213
2023-02-23,Mumbai,35.1,85.6,4.0,154
2023-04-28,Chennai,29.8,52.0,8.2,76
2023-01-03,Hyderabad,26.0,49.1,1.4,107
2023-01-16,Pune,29.8,75.0,11.5,95
2023-03-28,Lucknow,30.4,55.9,17.1,115
2023-02-26,Bangalore,31.3,35.3,14.5,74
2023-03-16,Bangalore,28.8,47.0,7.2,122
2023-01-12,Lucknow,32.1,55.1,1.7,166
2023-03-15,Hyderabad,38.4,47.6,4.0,204
2023-04-06,Bangalore,27.2,49.9,10.9,178
2023-01-16,Mumbai,34.5,47.6,4.1,136
2023-03-13,Ahmedabad,37.9,32.5,10.9,123
2023-04-12,Kolkata,29.1,68.2,4.6,219
2023-03-17,Delhi,28.9,65.8,17.0,229
2023-01-24,Bangalore,32.0,69.2,7.9,202
2023-01-28,Lucknow,31.8,41.5,4.9,231
2023-04-27,Ahmedabad,36.1,47.7,16.2,174
2023-01-08,Chennai,29.5,67.2,6.9,116
2023-04-02,Pune,39.9,66.0,2.2,55
2023-02-05,Lucknow,21.2,60.4,11.4,174
2023-03-31,Mumbai,20.1,51.0,11.6,107
2023-01-08,Pune,32.8,84.8,14.3,119
2023-02-27,Kolkata,26.0,50.4,4.8,102
2023-03-01,Kolkata,24.8,57.3,8.9,115
2023-02-19,Hyderabad,26.2,70.7,5.6,107
2023-01-28,Jaipur,25.1,62.6,1.6,299
2023-04-02,Hyderabad,20.6,50.8,17.5,131
2023-04-11,Ahmedabad,39.4,56.1,14.6,136
2023-02-10,Pune,24.4,77.7,6.0,51
2023-04-10,Jaipur,34.7,46.7,12.0,253
2023-03-05,Chennai,35.3,38.5,4.0,199
2023-01-27,Mumbai,38.6,48.8,17.8,86
2023-04-28,Pune,20.6,81.0,2.3,197
2023-03-04,Hyderabad,37.4,35.3,0.1,152
2023-01-17,Delhi,30.5,89.5,10.0,73
2023-03-14,Jaipur,32.7,62.5,11.7,161
2023-02-02,Jaipur,32.9,89.1,11.6,261
2023-04-27,Mumbai,36.4,86.3,1.1,114
2023-03-25,Bangalore,26.7,57.2,6.3,242
2023-03-18,Kolkata,34.7,41.9,10.0,258
2023-04-02,Kolkata,30.6,39.9,4.3,178
2023-04-22,Delhi,35.9,44.4,17.5,166
2023-01-29,Ahmedabad,39.8,72.6,1.7,165
2023-01-13,Ahmedabad,24.0,46.4,9.7,286
2023-02-15,Chennai,39.9,50.5,13.8,271
2023-02-04,Pune,21.8,56.9,5.2,154
2023-01-06,Lucknow,20.0,84.8,12.5,288
2023-03-23,Bangalore,20.9,41.4,16.6,52
2023-04-25,Hyderabad,26.8,30.3,3.8,95
2023-03-10,Lucknow,32.7,33.6,18.3,104
2023-02-16,Lucknow,21.4,84.3,11.1,124
2023-01-25,Jaipur,20.1,68.9,6.0,265
2023-03-07,Delhi,38.7,46.4,8.6,263
2023-01-10,Kolkata,36.4,40.6,6.2,241
2023-02-25,Chennai,36.2,47.7,14.5,285
2023-01-30,Ahmedabad,37.7,36.9,15.9,94
2023-04-24,Delhi,34.0,86.5,16.7,203
2023-04-19,Jaipur,22.1,77.1,19.7,126
2023-01-05,Hyderabad,28.0,57.7,15.8,242
2023-04-29,Chennai,34.5,81.9,12.0,73
2023-04-30,Jaipur,25.6,45.0,6.8,251
2023-02-02,Kolkata,33.7,73.0,10.9,84
2023-04-28,Kolkata,20.5,81.4,0.8,73
2023-03-06,Kolkata,26.1,51.4,14.9,77
2023-01-18,Delhi,31.0,75.4,8.9,277
2023-04-06,Delhi,32.6,47.7,0.4,257
2023-04-21,Ahmedabad,31.5,47.9,1.3,281
2023-02-18,Ahmedabad,34.0,36.4,7.7,65
2023-01-11,Hyderabad,20.1,56.4,11.7,108
2023-03-26,Chennai,22.0,73.8,9.3,258
2023-01-26,Mumbai,37.4,86.4,12.4,292
2023-03-04,Mumbai,33.6,66.2,9.6,231
2023-03-30,Jaipur,22.3,81.8,13.2,256
2023-03-27,Kolkata,36.8,79.3,4.4,193
2023-02-28,Chennai,24.8,40.4,2.3,64
2023-01-27,Lucknow,29.6,59.1,11.9,298
2023-02-18,Delhi,22.9,37.0,9.7,275
2023-03-18,Pune,34.2,70.9,0.5,60
2023-02-02,Bangalore,33.3,87.0,7.6,242
2023-04-08,Hyderabad,24.2,38.2,2.1,128
2023-04-15,Kolkata,37.3,74.0,10.6,267
2023-04-09,Kolkata,28.0,67.9,7.9,164
2023-01-01,Kolkata,25.9,65.0,12.3,117
2023-01-21,Delhi,23.0,53.4,16.1,92
2023-04-22,Delhi,25.3,51.3,6.0,118
2023-02-24,Bangalore,20.4,32.7,19.2,276
2023-01-06,Lucknow,31.7,43.1,10.7,190
2023-04-02,Chennai,36.8,30.9,12.4,187
2023-03-22,Kolkata,31.0,64.9,13.6,124
2023-03-10,Mumbai,24.4,36.4,13.3,259
2023-04-05,Ahmedabad,20.7,82.4,10.2,275
2023-01-05,Mumbai,24.3,61.4,8.6,152
2023-04-12,Jaipur,28.3,72.0,1.1,90
2023-01-03,Mumbai,35.2,54.7,0.4,283
2023-02-22,Jaipur,23.8,63.6,7.2,227
2023-01-23,Pune,34.4,86.6,6.7,264
2023-04-11,Ahmedabad,37.3,35.0,7.8,248
2023-02-22,Mumbai,29.1,45.2,2.8,108
2023-02-06,Pune,36.4,76.8,14.8,88
2023-03-15,Hyderabad,31.1,35.9,17.1,52
2023-03-15,Chennai,32.7,34.5,18.8,253
2023-03-24,Pune,30.5,51.7,9.8,56
2023-01-17,Chennai,29.3,35.5,14.0,98
2023-03-26,Mumbai,24.7,65.1,17.1,75
2023-03-19,Lucknow,26.1,43.6,8.4,210
2023-03-14,Pune,25.8,83.7,6.2,150
2023-04-20,Ahmedabad,31.3,77.0,18.7,225
2023-01-01,Mumbai,22.4,72.0,10.3,128
2023-02-20,Kolkata,38.3,67.0,9.9,51
2023-02-14,Delhi,34.4,81.8,3.6,282
2023-03-18,Pune,28.0,43.4,2.2,176
2023-01-04,Ahmedabad,23.2,82.4,16.8,248
2023-03-03,Hyderabad,37.6,77.4,12.3,209
2023-03-06,Kolkata,36.5,74.9,6.5,181
2023-04-23,Hyderabad,34.4,63.7,3.8,69
2023-04-14,Mumbai,25.4,44.8,11.1,291
2023-02-01,Delhi,28.0,55.4,11.7,166
2023-02-03,Pune,22.1,77.6,4.1,213
2023-04-02,Pune,23.8,31.9,17.0,81
2023-04-05,Lucknow,35.7,76.9,1.7,77
2023-03-13,Lucknow,34.3,44.4,7.1,126
2023-02-08,Mumbai,31.9,38.7,13.6,50
2023-01-26,Mumbai,37.9,36.9,5.5,237
2023-02-03,Delhi,31.7,31.6,16.6,105
2023-02-23,Lucknow,29.3,61.4,14.8,84
2023-04-28,Ahmedabad,26.8,43.1,15.8,161
2023-01-03,Ahmedabad,38.8,89.4,2.4,79
2023-02-19,Delhi,21.7,64.5,2.8,103
2023-01-12,Ahmedabad,38.6,38.3,5.7,85
2023-03-06,Jaipur,36.5,71.3,10.4,298
2023-02-23,Chennai,22.6,83.9,15.0,232
2023-04-18,Delhi,31.3,74.7,16.7,266
2023-01-05,Delhi,37.3,34.6,14.1,129
2023-04-04,Bangalore,31.4,83.8,18.6,107
2023-04-04,Kolkata,38.1,77.6,14.8,132
2023-02-26,Kolkata,38.9,39.5,6.1,114
2023-01-17,Jaipur,28.4,33.1,5.3,118
2023-04-22,Lucknow,27.5,63.4,13.9,177
2023-02-16,Mumbai,38.7,39.4,3.9,100
2023-01-23,Mumbai,33.5,80.1,1.9,71
2023-03-20,Hyderabad,22.3,51.5,10.6,265
2023-04-11,Jaipur,20.8,84.8,16.4,156
2023-03-26,Delhi,31.3,63.9,2.0,158
2023-01-14,Jaipur,38.6,41.0,15.8,165
2023-03-07,Jaipur,36.9,38.4,16.2,150
2023-03-16,Jaipur,33.5,64.6,9.6,230
2023-02-20,Kolkata,22.8,75.7,1.1,149
2023-04-13,Jaipur,25.1,76.9,3.5,213
2023-02-07,Chennai,37.5,46.5,14.1,117
2023-03-05,Mumbai,23.7,42.3,14.2,85
2023-04-08,Hyderabad,25.6,31.0,18.0,229
2023-02-07,Chennai,22.6,70.8,11.7,230
2023-02-19,Hyderabad,33.5,34.6,2.5,259
2023-04-08,Bangalore,38.9,55.2,2.4,227
2023-03-23,Hyderabad,25.4,66.1,14.4,257
2023-01-30,Mumbai,29.5,86.2,3.7,218
2023-03-20,Mumbai,32.7,48.7,6.6,195
2023-04-01,Jaipur,40.0,45.0,9.7,71
2023-02-20,Pune,22.1,69.2,0.5,115
2023-03-04,Bangalore,30.0,67.2,5.0,70
2023-04-08,Delhi,27.7,49.9,8.2,149
2023-02-21,Ahmedabad,37.3,85.7,5.6,177
2023-02-07,Hyderabad,29.5,80.7,2.7,93
2023-04-07,Pune,22.2,43.4,14.6,152
2023-03-29,Jaipur,32.7,44.3,16.3,96
2023-03-20,Kolkata,35.4,60.7,5.1,88
2023-01-30,Delhi,20.1,76.4,15.5,78
2023-04-29,Lucknow,37.2,32.6,7.7,103
2023-04-16,Pune,23.7,71.6,10.1,139
2023-02-20,Kolkata,31.0,68.9,17.1,134
2023-03-22,Bangalore,28.3,43.9,15.0,66
2023-01-05,Jaipur,34.4,70.9,16.1,129
2023-01-29,Delhi,27.4,86.4,2.7,237
2023-01-04,Delhi,37.4,32.8,1.4,208
2023-01-10,Delhi,34.6,49.2,17.9,292
2023-02-25,Bangalore,33.0,56.3,7.8,122
2023-01-17,Hyderabad,35.9,84.0,5.8,272
2023-03-15,Lucknow,35.1,87.7,14.5,255
2023-01-17,Bangalore,20.7,56.6,16.7,98
2023-03-25,Ahmedabad,27.9,75.0,17.2,150
2023-03-29,Lucknow,38.6,61.9,6.3,51
2023-03-10,Mumbai,22.5,62.3,17.0,293
2023-02-03,Jaipur,34.7,46.7,0.8,225
2023-01-06,Bangalore,39.5,43.0,1.0,287
2023-02-22,Kolkata,21.0,47.3,12.5,191
2023-03-07,Lucknow,33.6,63.4,1.3,108
2023-03-18,Ahmedabad,29.4,31.7,6.5,146
2023-04-17,Mumbai,31.6,84.4,13.5,148
2023-02-12,Hyderabad,21.7,39.4,6.7,235
2023-04-22,Kolkata,20.9,43.2,3.6,152
2023-03-16,Lucknow,33.3,61.1,5.6,235
2023-04-25,Jaipur,36.5,72.6,9.2,288
2023-04-21,Kolkata,35.6,35.7,9.5,228
2023-01-23,Mumbai,30.9,49.1,15.7,261
2023-02-24,Kolkata,22.0,88.1,15.0,51
2023-03-21,Chennai,33.8,45.7,9.1,292
2023-04-05,Pune,24.8,48.8,16.9,90
2023-03-16,Hyderabad,38.2,80.2,2.3,260
2023-04-28,Mumbai,36.8,33.0,5.1,172
2023-01-16,Kolkata,34.2,57.9,16.6,278
2023-01-08,Pune,39.0,52.8,7.6,131
2023-01-04,Pune,20.6,49.0,19.6,193
2023-04-14,Kolkata,34.7,47.1,9.3,181
2023-01-04,Jaipur,26.6,35.5,15.8,189
2023-02-25,Chennai,38.1,48.9,8.0,78
2023-01-25,Bangalore,25.3,32.6,8.5,184
2023-03-08,Chennai,34.5,76.9,7.7,63
2023-04-06,Kolkata,37.6,53.9,14.4,296
2023-03-08,Hyderabad,20.8,56.6,11.0,61
2023-01-27,Bangalore,28.0,83.6,18.9,148
2023-04-03,Mumbai,35.2,69.5,5.0,182
2023-02-01,Chennai,29.1,30.5,2.0,130
2023-02-19,Kolkata,25.3,86.6,7.9,299
2023-03-02,Chennai,24.4,44.2,12.3,155
2023-02-20,Bangalore,22.6,36.5,17.2,81
2023-01-19,Ahmedabad,37.1,76.1,6.9,123
2023-01-21,Lucknow,31.5,60.0,13.1,220
2023-01-05,Chennai,21.5,56.0,7.0,130
2023-03-23,Mumbai,27.7,45.0,12.3,118
2023-04-02,Mumbai,27.4,62.8,17.7,94
2023-02-11,Delhi,23.6,46.5,4.6,155
2023-03-02,Chennai,28.7,84.1,8.1,186
2023-01-22,Lucknow,26.6,42.9,19.9,226
2023-01-21,Jaipur,26.8,83.1,17.4,210
2023-03-11,Pune,34.8,63.6,11.3,277
2023-01-01,Lucknow,24.5,79.7,10.3,149
2023-01-05,Pune,32.8,72.8,5.7,195
2023-04-15,Pune,31.4,71.8,10.3,58
2023-01-12,Ahmedabad,31.4,49.5,17.0,111
2023-03-31,Delhi,33.3,44.0,13.7,234
2023-02-15,Lucknow,31.0,42.7,5.8,78
2023-02-03,Lucknow,37.6,81.4,4.0,174
2023-02-18,Ahmedabad,33.5,79.2,5.3,163
2023-03-19,Chennai,30.9,56.4,3.4,255
2023-03-31,Chennai,36.6,37.9,1.9,202
2023-02-14,Chennai,32.1,52.9,8.4,192
2023-01-27,Hyderabad,25.8,67.2,2.3,183
2023-03-14,Pune,24.1,57.3,3.4,169
2023-01-26,Hyderabad,23.0,76.8,10.9,219
2023-02-16,Delhi,38.0,89.9,3.3,206
2023-03-27,Ahmedabad,34.2,41.5,1.3,128
2023-04-21,Lucknow,38.7,57.6,6.3,142
2023-02-25,Pune,32.1,55.9,4.4,53
2023-04-04,Hyderabad,29.5,48.3,10.3,131
2023-04-17,Hyderabad,21.2,41.9,2.0,291
2023-03-04,Kolkata,33.4,33.9,15.0,234
2023-02-17,Hyderabad,31.6,83.2,18.1,226
2023-03-02,Jaipur,39.8,55.2,14.9,221
2023-03-22,Lucknow,24.8,59.8,10.7,280
2023-01-26,Jaipur,30.6,85.0,17.2,257
2023-02-05,Lucknow,33.0,76.6,13.9,124
2023-01-01,Ahmedabad,32.9,37.8,0.2,63
2023-01-08,Lucknow,31.2,63.9,7.9,180
2023-04-23,Jaipur,35.5,56.5,17.0,292
2023-04-09,Lucknow,24.1,77.8,6.9,163
2023-02-21,Ahmedabad,34.5,73.5,0.7,111
2023-03-20,Ahmedabad,32.4,71.4,14.9,155
2023-02-16,Delhi,37.9,50.4,16.0,113
2023-02-25,Lucknow,36.9,78.3,3.2,151
2023-03-27,Kolkata,26.3,33.1,10.7,222
2023-01-14,Chennai,25.5,39.6,3.8,155
2023-03-31,Mumbai,39.6,50.1,14.4,259
2023-01-28,Ahmedabad,30.5,34.6,5.4,235
2023-03-28,Bangalore,38.1,44.1,6.3,69
2023-03-19,Chennai,23.3,79.8,16.9,107
2023-03-29,Pune,32.9,86.9,9.5,161
2023-01-02,Lucknow,36.2,48.3,13.4,266
2023-04-19,Jaipur,38.9,45.9,8.0,106
2023-01-26,Mumbai,26.7,46.8,6.0,279
2023-01-14,Bangalore,34.5,46.7,12.5,254
2023-02-28,Chennai,30.8,32.2,3.1,245
2023-02-25,Lucknow,21.2,85.6,7.5,168
2023-04-25,Delhi,33.8,42.8,4.2,255
2023-01-07,Pune,33.8,55.2,13.9,146
2023-01-03,Mumbai,38.6,30.6,18.9,141
2023-04-21,Kolkata,29.9,81.5,19.9,101
2023-01-23,Delhi,24.6,73.9,9.0,86
2023-04-20,Bangalore,20.9,86.8,5.1,57
2023-04-17,Mumbai,28.3,76.9,8.9,93
2023-04-21,Delhi,26.0,48.8,16.9,147
2023-04-19,Pune,35.2,44.9,4.1,285
2023-01-18,Kolkata,27.1,71.9,19.0,182
2023-02-07,Delhi,39.0,51.8,6.8,167
2023-04-09,Hyderabad,39.2,64.0,19.7,118
2023-04-25,Kolkata,32.4,30.4,16.8,208
2023-01-15,Bangalore,38.6,33.7,16.2,94
2023-03-05,Pune,35.2,62.1,6.4,186
2023-03-30,Lucknow,30.9,64.0,0.2,283
2023-04-29,Jaipur,23.6,75.1,7.6,81
2023-04-11,Jaipur,29.2,37.9,6.0,82
2023-01-28,Jaipur,31.2,60.8,0.7,175
2023-03-15,Mumbai,37.3,41.7,10.1,116
2023-02-08,Bangalore,29.6,35.6,8.1,79
2023-02-26,Pune,38.0,54.6,12.7,163
2023-01-17,Kolkata,33.5,39.8,12.4,253
2023-04-13,Mumbai,22.7,43.3,2.4,78
2023-03-27,Bangalore,39.9,49.1,19.5,180
2023-03-31,Lucknow,30.5,45.6,3.7,267
2023-02-13,Hyderabad,27.8,35.3,8.9,234
2023-01-25,Pune,33.2,35.4,9.8,79
2023-01-17,Jaipur,22.2,41.6,16.3,186
2023-01-13,Delhi,32.7,33.0,2.0,203
2023-03-25,Pune,30.0,67.6,8.6,179
2023-01-25,Ahmedabad,28.1,47.2,12.6,111
2023-03-09,Bangalore,39.1,46.8,4.3,52
2023-01-10,Chennai,30.5,49.9,12.5,223
2023-03-08,Lucknow,24.4,69.8,18.5,117
2023-04-15,Hyderabad,29.2,82.2,20.0,74
2023-04-19,Lucknow,38.4,75.5,0.6,228
